OBJECTID,T0,T1,T2,T3,T4,T5,T6,T7,T8,T9,T10,T11,T12,T13,T14,T15,T16,T17,T18,T19,T20,T21,T22,T23,T24,T25,T26,T27,T28,T29
1,0.291132262,18.8602875,63.62459391,118.6702651,170.4076973,214.9133211,250.6546578,277.0057354,293.7729521,301.0306825,299.0598184,288.3227615,269.4516347,243.2411723,210.6432433,172.762275,130.8520278,86.31501319,45.18642257,43.94199077,42.29268337,40.14836524,37.38181555,33.8147906,29.20273871,23.23571163,15.64433764,7.351197509,0.814688952,0.001166709
2,0.081799449,3.295890377,8.900584614,14.32336024,18.55878866,21.79147181,24.26436882,26.16751743,56.86503015,100.3537589,135.8970961,168.5350056,197.0725471,220.5413155,238.180947,249.4301205,253.9237403,251.4946406,242.1794693,206.519827,140.1240251,26.7845335,25.06375453,73.76455851,74.71813313,41.48114566,14.03479648,5.522835263,0.713905102,0.001513235
3,0.392817641,0.857798878,2.427980545,3.99620867,5.241746994,6.201726522,6.940708995,7.511886069,7.954194324,8.295332016,8.554865326,8.746532582,8.879814237,8.960961952,8.993643474,8.979306176,8.91731721,8.804902461,8.636874666,8.40510746,8.097671278,7.697495809,7.180373384,6.512145868,5.645395821,4.518601747,3.073729607,1.4729309,0.172830414,0.000286274
4,0.594528907,29.27823749,76.42597963,111.3629039,124.559066,120.2595421,103.346884,77.87101935,47.04694932,45.69393786,47.16799625,48.25748046,49.01551821,49.47721572,49.66319651,49.58160468,49.22887891,48.58941523,47.63406721,46.31725426,44.57223817,42.30387888,39.37798623,35.60675273,30.73296157,24.43178312,16.4246404,7.695480766,1.251070942,0.002428912
5,0.30824049,29.25737859,97.58097974,169.3325313,221.3980692,251.9731662,263.393528,258.668758,240.6780894,212.0424881,175.1536162,132.2248378,85.33209856,46.90992186,47.11151416,47.02306007,46.64090819,45.94909657,44.91796872,43.50155379,41.63342299,39.22066892,36.13587164,32.2082526,27.22076126,20.94138841,13.301234,5.591931219,0.448147826,0.00028103
6,1.11602893,49.37895426,133.2279929,207.8187631,255.1861948,278.0912818,281.0491845,268.097814,242.609951,207.4403953,165.0795121,117.762803,67.5404272,50.73131523,50.91322804,50.83342474,50.48836128,49.86249833,48.9267623,47.63556306,45.92187927,43.68961391,40.80209186,37.06561225,32.20935467,25.87698669,17.71668447,8.595251615,1.045458654,0.001897749
7,0.045562146,3.439460101,10.99566762,19.18428534,25.97529163,31.3431697,35.54306257,38.82564603,41.38788546,43.37552787,44.89414306,46.01912677,46.80312437,47.28113262,47.47378958,47.38926138,47.02397592,93.22698171,139.4875969,181.2839126,216.4381375,242.5747734,257.0545061,256.8942439,238.7322528,199.1043436,136.1465105,61.98490219,5.776814984,0.00508183
8,0.037243481,1.627903182,4.49342174,7.307261103,9.522200387,11.22044934,12.52336075,13.52809706,14.30487034,14.90325447,15.35809843,15.69378961,15.92711776,16.06913666,16.12632473,16.1012371,15.99275665,15.79598472,15.50175379,15.09568226,14.55661497,13.85419219,12.94517952,27.41107127,90.63289366,88.59067771,5.656196379,2.759026035,0.34092905,0.000644277
9,0.450933073,25.64962423,81.27023313,145.1577152,201.6332891,247.3960185,281.6835782,304.5216483,316.2459891,317.3693135,308.5465518,290.5678516,264.3579378,230.9754943,191.6111576,147.5845018,100.3411989,51.45213774,45.45841421,44.22816819,42.59671612,40.47393452,37.73221159,34.19189139,29.60451252,23.6500943,16.03429526,7.634991569,0.879453791,0.001389663
10,0.078497027,4.365073134,12.8541508,21.5615481,28.57530633,34.0256406,38.24350819,41.51543843,44.05571026,46.01862922,47.51405926,48.61955701,49.38884323,56.13470713,110.1419911,162.1687238,210.4687175,253.3529441,289.190385,316.4047576,333.4645889,338.8645496,331.0985461,308.6357754,269.9516721,213.8220524,140.7217514,63.29260472,6.48784858,0.008313573
11,0.000396276,0.016422062,0.04468426,0.072169273,0.093694183,0.110148836,0.12274883,0.132452536,0.139947572,0.14571741,0.150100988,0.153335048,0.155582363,0.156949999,0.15750067,0.157259102,0.156214484,0.154319405,0.15148509,0.147572168,0.142375393,0.135599728,0.12682403,0.115448198,0.100625806,0.081224151,0.056064974,0.027626251,0.003515954,7.16299E-06
12,0.000232354,0.01001118,0.027526798,0.044681674,0.058166714,0.068497735,0.07641969,0.082526521,0.087246592,0.090882012,0.093644995,0.095683976,0.097101108,0.097963629,0.09831094,0.09815858,0.097499755,0.096304674,0.094517575,0.092050967,0.088776109,0.084508164,0.078983742,0.071828491,0.062516583,0.050349921,0.034619645,0.016933256,0.002109137,4.06741E-06
13,0.004296808,0.217842019,0.625754724,1.037226193,1.365749243,1.619729296,1.815626196,1.967244139,2.084767097,2.175472225,2.244515093,2.295522868,2.331002034,2.352607009,2.361309005,2.357491407,2.340986575,2.311059814,2.266338007,2.204671777,2.122909612,2.016549724,59.70959132,1.70198022,1.472467908,1.174858127,0.794832965,0.376934227,0.042905948,6.5779E-05
14,0.006132759,1.452663794,6.315052652,12.76518144,18.7261486,23.74685692,27.83945071,31.12935736,33.74928928,35.81158916,37.40423847,38.59331527,39.42654786,39.93639333,40.1422685,40.05191355,39.6619387,38.95758463,76.22450919,111.863654,142.2641288,165.1260528,177.9413309,178.0177451,162.6612466,129.8946555,80.90140892,30.21497544,1.523467565,0.000270661
15,0.15023829,12.81423955,47.88718013,94.9208356,142.056799,184.8414488,221.1148135,249.7322067,270.0857191,281.9106605,285.2005279,280.1663931,267.2155065,246.9385731,220.1012244,187.6379898,150.6485774,110.3972959,68.31741318,44.16015781,42.42047164,40.16379743,37.26133572,33.53521253,28.74721615,22.6102616,14.92156433,6.748692343,0.669137065,0.000721669
16,6.90161E-05,0.003100497,0.008621425,0.014069822,0.018369845,0.021671826,0.024207631,0.02616443,0.027677981,0.028844347,0.029731154,0.030385772,0.030840836,0.031117841,0.031229391,0.031180455,0.030968861,0.030585079,0.030011278,0.029219499,0.028168637,0.026799755,0.025029021,0.022737619,0.019759409,0.015875736,0.010870549,0.005274981,0.000642009,1.16725E-06
17,0.008248836,4.441712057,26.23344072,63.71138379,105.3074051,144.5949498,178.1981237,204.3730622,222.2766067,231.6148183,232.4696272,225.2086856,210.4351267,188.9570987,161.7675247,130.0295885,95.06600043,58.3514527,34.58899009,33.13475003,31.24131429,28.83850464,25.83930175,22.14581865,17.6742925,12.43542321,6.767376848,2.118027945,0.071862516,5.04468E-06
18,0.001637344,0.06756951,0.183649062,0.296450585,0.384755747,0.452244575,0.503915728,0.543705424,0.574436292,0.5980923,0.616064013,0.629322574,0.638535626,0.64414229,0.646399764,0.645409455,0.641127031,1.995738962,0.621738403,0.605696476,0.584390349,0.556609653,0.520626351,0.473977429,0.41318733,0.333601064,0.230364177,0.113603308,0.014491694,2.96986E-05
19,0.135919802,8.846786167,20.74208303,22.24995011,25.01021594,30.31724845,34.48527883,37.75142157,40.30554636,42.28956565,43.80691354,44.9317684,45.7160739,46.19442748,46.38725705,46.30265076,45.93707026,45.27503952,44.28776887,42.93053862,41.13852684,38.82066176,35.85119965,56.13501657,69.49004238,70.96636777,56.60532396,29.00086203,2.878783015,0.002359112
20,0.062976,3.939934624,11.9755558,20.39480809,27.25318775,32.61789923,36.78710991,40.03068805,42.5541571,44.50703085,45.99645424,47.09839818,47.86564609,48.33316745,48.5215396,48.43889545,87.24405984,138.1798974,185.3759771,226.8065058,260.3348251,283.6707426,294.3052082,289.427672,265.8771458,220.370445,151.0694739,70.16072524,7.141074272,0.008095446
21,8.82519E-05,0.004114695,0.01155637,0.018949929,0.02480591,0.02931204,0.03277721,0.035453617,0.037525122,0.039122214,0.040336933,0.041233834,0.041857435,0.042237076,0.042389966,0.042322894,0.042032892,0.041506945,0.040720711,0.039636041,0.038196894,0.036323009,0.033900416,0.030767986,0.026701324,0.021407446,0.014604163,0.007036883,0.000839017,1.44759E-06
22,3.35801E-05,0.002427242,0.007669668,0.013306798,0.017962505,0.021633673,0.024501567,0.026740684,0.02848711,0.029841138,0.030875233,0.031641059,0.032174649,0.032499938,0.032631034,0.032573516,0.032324945,0.031874636,0.03120269,0.03027812,0.029055858,0.027472263,0.02543881,0.0228342,0.019498165,0.015243131,0.009954798,0.004413162,0.0004128,3.83791E-07
23,3.77656E-06,0.000338705,0.001134143,0.002023136,0.002772586,0.00337069,0.003841557,0.004211143,0.004500499,0.004725459,0.004897614,0.005025295,0.00511435,0.005168676,0.005190578,0.005180968,0.005139447,0.00506427,0.004952189,0.004798171,0.004594927,0.004332242,0.003996058,0.003567439,0.003022091,0.002333454,0.001491529,0.000634664,5.26833E-05,3.6133E-08
24,0.016343591,0.720515425,1.993384458,3.245241584,4.231460294,4.987980016,5.568567101,6.016379494,106.6261854,28.08944304,142.4402175,220.9419505,59.84879497,96.39285972,183.9680174,182.1074917,7.115190729,7.027449593,6.896255848,6.715203132,6.474869477,6.16173704,5.756562772,5.23203837,4.549900243,3.659590836,2.510526686,1.222614956,0.150362732,0.000280741
25,0.383036292,26.0028767,85.11381718,153.2111801,212.4872709,259.353429,293.2362731,314.4512248,323.6237032,321.5330306,309.0756105,287.2605135,257.2116283,220.1689909,177.4878198,130.6357981,81.18995891,47.72586282,46.75927629,45.42794017,43.66545469,41.37753157,38.43193501,34.64518249,29.76958245,23.5015288,15.6098038,7.147172929,0.734444646,0.000867651
26,1.41388E-06,0.000182452,0.000673699,0.001259398,0.001770507,0.002186735,0.002518719,0.002781638,0.002988799,0.003150607,0.003274856,0.003367237,0.003431784,0.003471204,0.003487106,0.003480128,0.003449991,0.003395474,0.00331432,0.003203041,0.003056641,0.002868202,0.002628392,0.002325024,0.001943338,0.001469441,0.00090585,0.0003597,2.44121E-05,1.00234E-08
27,0.018229527,0.796896537,2.199700284,3.577232451,4.661580973,5.492983067,6.130844547,6.622730901,7.003014685,7.295965156,7.518643011,7.682987389,7.797217943,7.866746222,7.894743823,7.882461652,164.4974701,239.0681316,228.4114677,211.1907019,187.9874333,159.6727409,127.4700543,13.03627361,5.011578283,4.032888437,2.76894128,1.350628473,0.166885044,0.000315325
28,0.243353033,22.26024997,70.04714583,113.7294512,137.8668756,143.6661633,134.8935864,115.2672928,87.98884472,55.75580701,43.87689399,45.04365344,45.85778599,46.35457285,46.5548843,46.46699164,46.08727583,45.39991819,44.37553553,42.96859913,41.11335912,38.71793943,35.65650124,31.76073741,26.81754281,20.60123973,13.05233044,5.461017369,0.431580495,0.000261171
29,0.001778637,1.75683045,13.2243924,37.17245243,67.92082646,100.6220868,131.8989138,159.4971589,181.9329764,198.2652007,207.9588405,210.8032155,206.8616389,196.439365,180.062371,158.4629332,132.5699523,103.5031992,72.57137829,41.2741521,31.67266584,29.09890889,25.9041848,22.00022678,17.32592378,11.93997917,6.268559121,1.831908557,0.050903521,2.14848E-06
30,0.000163277,0.012363622,0.03955813,0.069044893,0.093506092,0.112844492,0.12797676,0.139804844,0.149037821,0.156200531,0.161673202,0.165727418,0.168552831,0.170275519,0.170969837,0.170665205,0.169348754,0.166964171,0.163406598,0.158512894,0.152046019,0.143671773,0.132926354,0.119176506,0.101590631,0.07920871,0.051489849,0.022625716,0.002062611,1.79598E-06
31,0.015613956,2.185082178,8.246119628,15.57685653,22.0233142,27.29675847,31.51511358,39.12250898,70.93116065,103.2986142,134.4877823,163.0613467,187.8389681,207.8703957,222.4199266,230.9587424,233.1629083,228.9159529,218.3160192,201.688746,179.6085554,152.9332041,122.859695,91.01392209,59.5887982,31.52734701,11.1425726,4.356895441,0.282715537,0.000103537
32,1.78829E-05,0.001376138,0.004422159,0.007734491,0.010486509,0.012664139,0.014369118,0.015702337,0.01674334,0.017551089,0.018168344,0.018625664,0.018944398,0.019138744,0.019217076,0.019182708,0.01903419,0.018765179,0.018363868,0.017811888,0.017082561,0.016138297,0.014926965,0.013377481,0.011396695,0.008877596,0.005761651,0.002524043,0.000228053,1.94108E-07
33,0.197666093,7.617733287,12.64784188,21.2357583,28.15817989,33.53976303,37.70553591,40.93764487,43.44732668,45.38679202,46.86445706,47.95687739,48.71709051,49.18016542,49.36671217,49.28487126,48.93108283,48.28975147,47.33175631,46.01158147,44.26263721,42.06083911,69.81866928,91.53130347,103.6349289,101.6699559,80.79790051,43.24591428,5.228229829,0.007453229
34,0.132173978,13.54509219,51.72368347,102.4053586,151.9424612,195.5831393,231.2836392,258.1229769,275.7345722,284.088476,283.4012219,274.0951804,256.7780127,232.2305272,201.3982455,165.3850468,125.4488064,82.99993963,42.92259932,41.60667738,39.86923292,37.62199356,34.74309192,31.06748509,26.38149562,20.44636091,13.15407592,5.666844862,0.487649555,0.000366588
35,0.000382258,0.022399058,0.066894754,0.112967885,0.150265515,0.179333904,0.20187148,0.219377113,0.232980676,0.243499456,0.251517021,0.257446132,0.261573079,0.264087314,0.265100232,0.264655844,0.262734904,0.259253107,0.254053101,0.24688911,0.237401925,0.225080803,0.209208089,0.188785136,0.16245728,0.128547161,0.085722411,0.039548973,0.00415512,5.19382E-06
36,0.504255055,35.22323327,107.129662,176.5747788,222.9254623,246.6021963,251.1236943,240.1268789,216.8329528,184.0484302,144.2559162,99.69584151,52.42329758,47.66956699,47.8612247,47.77713619,47.41372792,46.75535964,45.77289151,44.42094473,42.63349175,40.31725378,37.34239015,33.53080586,28.64675468,22.41322121,14.65768889,6.515295226,0.614154175,0.000582337
37,0.006678454,0.305479314,0.853557365,1.396206043,1.825218417,2.154987793,2.408403028,2.604042112,2.755413523,2.872089593,2.960815272,3.026318332,3.071857352,3.09957934,3.110743243,3.105845731,3.084669648,3.046262918,2.988844502,2.909622256,2.804492995,2.66757655,2.4905161,2.261481451,1.963962843,1.576315435,1.077412109,2.161612074,3.074130547,0.000111286
38,0.063266049,3.87315938,11.70416268,19.87704542,26.52096658,31.71164837,35.74247091,38.87671207,41.31419089,43.19999537,44.63797347,45.70169821,46.44225808,46.89348653,47.07528752,46.99552678,46.65076432,46.02593513,45.0929316,81.98970376,119.591512,151.8502171,176.0956176,189.1464718,187.1685554,165.7008972,120.7558086,59.53218935,6.471673978,0.007850445
39,0.000895677,0.046271702,0.13358983,0.22196994,0.292660523,0.347368532,0.389593787,0.422289919,0.447641891,0.467213444,0.482113535,0.4931229,111.4914734,0.505445159,0.50732371,0.506499579,0.502936639,0.496476582,0.486823583,0.473514706,0.45587146,0.432925227,0.403306995,0.365094764,0.315642556,0.251573767,0.169880198,0.080274979,0.009042965,1.35009E-05
40,0.114124087,5.044746726,13.96691894,22.74608714,29.66413404,34.97170256,39.04536121,42.18762098,44.6174177,46.48947071,47.91260656,48.96301261,49.69315558,50.13758439,50.31654997,50.23803995,49.89856208,49.2828031,48.36210802,47.09153173,80.19194358,114.4933659,142.7338984,161.7707443,167.6573453,155.4591576,119.7856214,64.12716795,8.50553467,0.016532154
41,0.00166889,0.079109611,0.223174721,0.366738422,0.480626569,0.568343548,0.635837182,0.687988728,0.728365094,0.759501123,0.783186276,0.800676458,0.812838064,0.820242297,0.823224225,0.821916065,0.816260008,0.806002631,0.790670013,0.769519576,0.74146091,0.704933121,0.65772144,0.596698105,0.517515259,6.021145542,37.38838394,0.135605037,0.016020916,2.70038E-05
42,0.000265668,0.011257291,0.030814723,0.049911428,0.064898943,0.076370344,0.085161489,0.091935574,0.097169846,0.101200446,0.104263295,0.106523308,0.108093935,0.10904983,0.10943473,0.109265881,0.108535743,0.107211248,0.105230492,0.102496318,0.098865715,0.094133253,0.08800598,0.080067069,0.069729985,0.056213362,0.038715429,0.018996688,0.002388086,4.71491E-06
43,0.072815027,4.170873455,12.38047787,20.84636331,27.68490966,33.00787356,37.13155816,40.33276125,42.81941348,44.74162723,46.20645368,47.28954689,48.0433498,48.50255188,48.68754523,48.60638534,72.64762218,123.9251335,171.9589096,214.717923,250.0417588,275.5934512,288.7857647,286.6822375,265.9152572,222.8457391,154.9937619,73.61136236,7.911803174,0.010198263
44,0.002909102,0.130889381,0.364108462,0.594327567,0.776049377,0.915605201,1.022785035,1.105495354,1.169472127,25.57630054,104.857908,1.283932084,1.303168319,1.31487782,1.319593217,1.31752462,1.308580166,1.292357072,1.268101748,1.234632501,1.190212156,1.132349937,1.05750337,0.96065207,0.834777155,0.6706443,0.459138472,0.222734144,0.027085625,4.91389E-05
45,0.001067939,0.053411609,0.15286589,0.252941227,0.332738565,0.394382834,0.44190634,0.478675704,0.507169783,0.529157912,0.545892684,0.55825492,0.566853082,0.572088695,0.574197435,0.573272326,0.569272693,0.562020261,0.5511818,0.536235589,0.516416432,0.490630809,0.457330888,0.414338749,0.358645028,0.286380941,0.19400927,0.092243262,0.010579277,1.65331E-05
46,0.001015625,0.042690546,0.116604816,0.188672342,0.24518893,0.288427133,0.321553284,0.347073838,0.366790547,0.381971644,0.393506872,0.40201801,0.407932716,0.411532357,0.412981765,0.412345936,0.409596454,0.404608696,0.397149353,0.386852214,0.373178132,0.355352447,0.332270074,0.302357807,0.263400025,0.212440276,0.146429753,0.071959388,0.009086454,1.81446E-05
47,0.018669359,2.217512578,8.37594545,15.82883089,22.38475369,27.74872905,32.04001047,35.44559525,38.13291544,40.23418068,41.84898136,43.05029923,43.88999577,44.40295768,44.60991336,44.51909673,44.12690379,43.41760564,42.36208962,40.91551247,44.79984369,72.90924814,95.50450162,109.7255715,112.2563785,99.60890978,69.65944976,30.3986551,2.155168106,0.000827922
48,1.12362E-05,0.00068539,0.002069133,0.003512343,0.004685154,0.005601248,0.006312548,0.006865583,0.007295647,0.007628359,0.007882053,0.008069715,0.008200362,0.008279965,0.008312037,0.008297966,0.008237145,0.008126916,0.007962317,0.007735606,0.007435475,0.007045868,0.006544269,0.005899433,0.005069184,0.004001824,0.002657991,0.001216968,0.000125047,1.47698E-07
49,3.21515E-05,0.002266161,0.007112358,0.012299919,0.016574054,0.019939615,0.022566395,0.024615991,0.026213892,0.027452367,0.028397989,0.029098174,0.029585969,0.029883317,0.030003147,0.029950573,0.029723357,0.02931171,0.028697391,0.027851986,0.026734145,0.025285426,0.023424438,0.021039445,0.017982328,0.014078475,0.009217283,0.004105817,0.000389445,3.75171E-07
50,0.013983416,2.072367747,7.942200791,15.11388265,35.7021206,63.9774157,94.84516889,125.7229277,154.643063,180.1142219,201.0189974,216.5467531,226.1511783,229.5239257,226.5785806,217.4415134,202.4478219,182.1418292,157.2826907,128.8567676,98.09966914,66.53217804,36.01486471,28.39382506,23.61166582,17.71222263,10.76945144,4.165370164,0.261844965,8.84464E-05
51,0.432366157,33.46492628,105.2476179,177.0426595,226.9320041,254.3870713,262.4216777,254.4015162,233.4000278,202.1473205,163.0957824,118.4890914,70.41225987,47.1375295,47.33125004,47.24625436,46.87896368,46.21372079,45.22138008,43.85662031,42.053642,39.71978364,36.72666491,32.89946212,28.0096387,21.79607799,14.12077938,6.165041144,0.551550806,0.000457791
52,0.026018023,2.778889447,9.752368717,17.79237162,24.68376898,30.23718841,34.63667953,38.1047406,40.82827347,42.95042637,44.57709936,45.78499121,46.62817312,47.14282418,47.35036803,47.25929987,92.97114834,140.2311589,183.5142661,220.808619,250.0071113,268.8790926,275.0340818,265.8996106,238.8020988,191.4774732,124.2079592,52.02107077,3.932151415,0.002094847
53,0.000243144,0.01018117,0.02778018,0.04492753,0.058369839,0.068651722,0.076527911,0.082595195,0.087282351,0.090891102,0.093633082,0.095656168,0.09706206,0.097917664,0.098262173,0.098111043,0.097457517,0.096271962,0.0944989,0.092051248,0.088800785,0.084563261,0.07907579,0.071964035,0.062700578,0.050581107,0.034877592,0.017152244,0.002170448,4.35762E-06
54,0.22735484,18.36639161,53.95506268,81.98675705,92.11550306,86.97961024,70.67755086,46.88063201,40.24656986,42.26029822,43.80139586,44.94441251,45.7416541,46.22800565,46.42408221,46.33804965,45.96633537,45.29331815,44.28995803,42.91119722,41.09183399,38.74048798,35.73144783,31.89540793,27.01531875,20.85423756,13.32417891,8.22342781,1.064820309,0.000910201
55,0.01183456,0.513589487,1.41490632,2.298816224,2.994116355,3.527006901,3.935739835,4.250877393,4.494483248,4.682126821,4.824748924,166.8283687,235.7413258,24.58410261,5.065617952,77.3015753,64.59562323,9.642372973,4.869792208,4.742465995,4.573428067,4.35314807,4.068049773,3.698846661,3.218469164,2.591032915,1.780267463,0.869577716,0.107879875,0.00020594
56,0.628432481,38.62872198,117.309709,197.7792396,258.2730571,297.5897842,317.7762151,321.3134728,310.5517266,287.6570392,254.6594607,213.5056515,166.0966907,114.3106802,60.01371805,45.7016535,45.36823205,44.76392189,43.86147292,42.61833558,40.97235177,38.83520184,36.08290928,32.54321561,27.98304343,22.11531399,14.71689341,6.762726021,0.702289282,0.000852203
57,0.008000243,4.105875415,24.31213498,59.53249656,99.33400096,137.6740164,171.2151699,198.12117,217.4126097,228.6482438,231.7636876,226.9856479,214.7833264,195.8387334,171.0270583,141.4028472,108.1901303,72.77597088,36.70765296,34.26783665,32.33584179,29.88176272,26.81457827,23.03055374,18.43756028,13.03540172,7.153569763,2.274997823,0.080869705,6.39243E-06
58,0.037831016,1.583838732,4.321448333,6.988720998,9.079641405,10.67895026,11.90405522,12.84778946,13.57684999,14.13816951,14.56466736,14.87934544,15.09802272,15.23110623,15.2846924,15.26118513,15.15953349,14.97512817,14.6993399,14.31862297,13.81303327,13.15391106,12.30036485,126.4338192,170.3384338,7.868124877,5.425458496,2.668236698,0.33766953,0.000678097
59,0.105747681,3.881231833,11.73726961,20.12867275,26.99972901,32.3905804,36.58825033,39.85831928,42.40481234,44.3768668,45.88168273,46.99542623,47.77109156,48.24382197,48.43430987,48.35073629,47.98952308,47.33500499,46.35797487,45.01289567,43.23339343,62.48671704,89.40575892,109.0659491,117.84084,111.3465189,85.22826994,43.4689751,4.72978215,0.00529972
60,1.65443E-05,0.00082705,0.002366744,0.00391592,0.005151135,0.006105326,0.00684093,0.007410066,0.007851109,0.008191449,0.008450474,0.008641819,0.008774903,0.00885594,0.00888858,0.008874261,0.008812354,0.008700099,0.00853234,0.008300999,0.007994232,0.007595112,0.00707968,0.00641422,0.005552144,0.004433552,0.003003659,0.001428242,0.000163847,2.56228E-07
61,0.039920886,3.131476048,10.11483947,17.73486463,24.07745206,29.10160253,33.03797487,36.11749926,38.52285725,40.38971478,41.81656051,42.8738388,43.61078868,44.06016551,44.24129425,44.16182325,43.81840677,43.19640732,64.12841148,104.8136718,141.3857484,171.5021133,192.4786767,201.1910528,194.001346,166.9483975,117.2374125,54.51942218,5.112506368,0.004341325
62,0.352655858,22.52111333,62.37944639,92.54761095,103.1888604,97.70269285,80.5566879,55.59736788,41.56871736,43.5352096,45.03677538,46.14864927,46.9232754,47.39547661,47.58577334,47.50228208,47.14145266,46.48774679,45.51221298,44.16976176,42.39477781,40.09454675,37.13997704,33.35392382,28.50172235,22.30717149,14.59674094,7.745423354,1.236765386,0.001523273
63,0.000336123,0.443026227,3.054872746,7.701846853,12.74267235,17.4101353,21.45530739,27.93840578,52.32646821,78.06464484,103.4587579,127.0614304,147.6641785,164.2880472,176.1771597,182.7961477,183.8314982,179.1968778,169.0429353,153.7727372,134.0647609,110.906022,85.63755727,60.0100689,36.2288571,16.90110086,4.732226838,1.208277731,0.022658152,3.51163E-07
64,0.066913204,3.888770633,11.58816143,19.54869038,25.98792695,31.00412869,34.89218866,37.91155393,40.25755317,42.07137631,43.45379152,44.47605103,45.18756497,45.62102506,45.79565219,45.71903986,45.38786729,44.78758868,72.55527775,114.8993044,153.0836052,184.7598014,207.2197138,217.2681955,211.085281,184.2665794,132.980465,65.31823618,7.216064111,0.009340236
65,0.000374055,0.017046354,0.047582761,0.077796343,0.10167441,0.120024992,0.134124838,0.145009066,0.153429948,0.159920401,0.164855858,0.168499441,0.171032487,27.2108758,0.173195433,0.17292302,0.171745147,0.169608836,0.166414983,0.162008212,0.156160172,0.148543581,0.138693235,0.12595041,0.109395443,0.087821671,0.060048296,0.029059561,0.003508883,6.25214E-06
66,0.058770693,3.833806467,11.78464754,20.17797286,27.04255193,32.42463465,36.6136279,39.87595072,42.41586418,44.38251433,45.88303332,46.99350332,47.76684312,48.23813812,48.42804379,48.34472593,47.98461308,47.33206856,46.35793511,45.01674496,76.38329763,108.2958982,133.9449376,150.2494389,153.449898,139.1099726,103.1038668,51.25874557,5.481106503,0.006154166
67,0.229860189,17.84348629,62.54681427,118.2555404,170.4852923,215.0101901,250.2643896,275.6810078,291.1552548,296.8582794,293.1680621,280.6416495,260.0022795,232.1317181,198.0643639,158.982258,116.2114127,71.22071835,43.03440787,41.78922913,40.14173075,38.00471621,35.25629064,31.72815437,27.19500648,21.38555063,14.10890501,6.377333531,0.631217276,0.000677761
68,0.000205951,0.009788486,0.027633781,0.045425502,0.059543133,0.070418179,0.078786755,0.085253478,0.090260327,0.094121464,0.0970587,0.099227727,0.100735955,0.101654202,0.102024013,0.101861778,0.101160332,0.099888253,0.097986784,0.095363861,0.091884308,0.087354634,0.081500332,0.073933799,0.064116396,0.051347775,0.034962584,0.016785052,0.001980149,3.32518E-06
69,0.392817641,0.857798878,2.427980545,3.99620867,5.241746994,6.201726522,6.940708995,7.511886069,7.954194324,8.295332016,8.554865326,8.746532582,8.879814237,8.960961952,8.993643474,8.979306176,8.91731721,8.804902461,8.636874666,8.40510746,8.097671278,7.697495809,7.180373384,6.512145868,5.645395821,4.518601747,3.073729607,1.4729309,0.172830414,0.000286274
70,0.008603771,0.362818081,0.991860211,1.605545655,2.086957106,2.455328913,2.737582899,2.955050087,3.123070733,3.252445417,3.350752646,3.423289135,3.473698218,3.504377073,3.516730084,3.511311036,3.48787782,3.445368618,3.381795664,3.294039027,3.17750576,3.025597253,2.828901665,2.574023084,2.242101868,28.40679394,41.65469052,0.611843643,0.077120799,0.000153302
71,0.018593403,0.908868197,2.585248501,4.265116769,5.601666979,6.632847478,7.427163136,8.041385897,8.517180976,8.884232009,9.16352796,9.369815924,9.513277192,9.60062771,9.635808417,45.55197567,53.9503581,9.432642636,9.25179046,111.9524278,290.8356535,304.109375,156.0816553,6.966458508,6.035153671,41.0221487,133.2241091,1.564626432,0.181734724,0.000293335
72,0.019348058,2.36694072,8.615319813,15.99497794,33.73808266,62.22465123,93.50152116,124.9448992,154.5573359,180.82109,202.5923286,219.0325914,229.5659297,233.8525458,231.772938,223.4189898,209.0901509,189.2941579,164.7528641,136.4149164,105.4783959,73.42816611,42.094012,29.33073634,24.56401278,18.63102864,11.54646669,4.631693176,0.323772917,0.000143333
73,0.878372076,41.0941645,109.9186924,167.6024061,199.5283952,209.3079254,201.8570796,181.4240586,151.4786351,114.8875346,74.08010913,46.96663632,47.68638746,48.12463338,48.30113936,48.22370621,47.88892302,47.28183934,46.37450501,45.12314744,43.4635388,41.30383683,38.51392733,34.91048581,30.23964593,24.17361651,16.40818173,7.830279037,0.907762749,0.00145807
74,0.000879331,0.049284611,0.145439582,0.244207778,0.323824867,0.385721833,0.433635788,0.470811329,0.499677784,0.521985718,0.538982049,0.551547275,0.56029141,0.565617805,0.567763511,0.566822157,0.562752799,0.555376063,0.54435701,0.529172135,0.509055558,0.482916745,0.449220172,0.405822326,0.349800095,0.277494273,0.185869581,0.086480745,0.009312326,1.23936E-05
75,0.055021938,13.6623645,60.95444175,124.3254484,181.0681478,224.2825042,252.5126023,266.2426602,266.6588734,255.2198642,233.5079409,203.1781032,165.939991,123.5495279,77.80218625,41.03735322,40.6373551,39.91490825,38.84216611,37.37663171,35.45833225,33.00628751,29.91523822,26.05609447,21.29136257,15.54138847,9.013314843,3.185346014,0.153958657,2.66223E-05
76,0.07686971,4.106446125,11.96282954,19.96306317,26.38254607,31.35992441,35.20623663,38.18699446,40.49957679,42.28563928,43.64582066,44.65106015,45.35044435,45.77640273,45.94798391,90.73173886,144.4736422,194.6359306,239.3452825,276.708202,304.7919708,321.5902234,324.9696014,312.6026826,281.9327437,230.3863777,156.7847111,73.29542605,7.944786109,0.011053032
77,0.033551432,9.421914998,45.11918159,97.37979266,148.9861529,193.1463824,227.2488387,250.4590231,262.7598867,264.5690196,256.578999,239.6863812,214.9568542,183.6053443,146.9823857,106.5633631,63.93964529,40.20533654,39.11329019,37.62191093,35.67073943,33.17834358,30.03929476,26.12518664,21.30135544,15.49596171,8.934297695,3.122184742,0.146052788,2.32373E-05
78,0.090248637,4.608265356,13.26274654,22.00401786,28.98790498,34.38927516,38.55646511,41.78230396,44.28304757,46.21331702,47.68269668,48.76830399,49.52343916,49.98328764,50.16850641,50.0872501,74.07290622,125.7675379,174.3099848,217.6763406,253.7081706,280.0620694,294.1293381,292.9231625,272.966284,230.3816,162.1689409,78.77016432,9.02896145,0.013693609
79,0.743090827,41.57280285,122.8590938,204.1842045,264.2548208,302.4806166,321.2516945,323.2446669,310.9283124,286.5453553,252.1777635,209.8081048,161.3619317,108.732842,53.7947925,46.4729841,46.14146989,45.54047772,44.64264597,43.40519227,41.76549068,39.63429473,36.88579062,33.34402919,28.76834172,22.85558481,15.34829556,7.176243998,0.783841426,0.001081788
80,1.21831E-05,0.000654488,0.001909516,0.003188818,0.004215894,0.005012491,0.005628193,0.006105406,0.006475682,0.006761675,0.006979486,0.007140464,0.007252467,0.007320682,0.007348161,0.007336106,0.007283991,0.007189509,0.007048352,0.006853779,0.006595923,0.006260713,0.005828296,0.005270879,0.004550368,0.003618593,0.002434036,0.001141663,0.000125855,1.77819E-07
81,0.00353183,0.169386708,0.479357976,0.788905587,1.034742537,1.224210427,32.70523454,12.60117058,1.570076233,1.637401271,1.688620997,1.726446966,1.752750318,1.768764917,1.775214648,1.772385169,1.760151578,1.737966365,1.704805745,1.659065839,1.598392107,1.519415309,1.417357324,1.285475695,1.114410013,0.892013855,0.606823635,0.29082727,0.034137823,5.65996E-05
82,0.050233536,4.839012163,24.13820298,56.21682101,93.54972844,131.5434523,167.2728725,198.8131416,224.8648253,244.556679,257.3403167,262.9321202,261.2799689,252.5433975,237.0813589,215.4447482,188.3726118,156.7922051,121.8241637,84.79528173,47.26297211,40.4231703,37.43820296,33.61395277,28.71418551,22.46158317,14.68434239,6.522923571,0.613716322,0.000579137
83,0.034331335,3.042828767,10.15646896,18.09000715,24.77072044,30.09880013,34.29162958,37.58165518,64.87081354,99.39513816,132.9293958,163.9916258,191.3536466,214.0118932,231.1709986,242.2358256,246.8092941,244.6946547,235.9020002,220.6600097,199.4355007,172.9657504,142.3124702,108.9527445,74.93138335,43.10241805,17.41729164,5.692228295,0.475614813,0.00033169
84,0.00012667,0.007582668,0.022776007,0.038568661,0.0513794,0.061375508,0.069131731,0.075159396,0.079845228,0.083469477,0.086232484,0.088276069,0.089698648,0.090565375,0.090914569,0.09076137,0.090099156,0.088898927,0.087106563,0.084637559,0.081368468,0.077123887,0.071657604,0.064627526,0.055570801,0.043917384,0.029224361,0.013428363,0.001394238,1.69106E-06
85,1.90026E-05,0.001400206,0.004447325,0.007735178,0.010455593,0.01260302,0.014281735,0.015593017,0.016616111,0.017409526,0.018015579,0.018464466,0.018777258,0.018967955,0.019044811,0.019011091,0.018865366,0.018601387,0.018207511,0.017665617,0.016949358,0.016021557,0.014830545,0.013305632,0.011353649,0.008866166,0.005779141,0.002552669,0.000236246,2.13771E-07
86,0.874684705,42.8790976,123.9315503,205.5772814,267.8167101,309.8575055,333.5600565,341.0766737,334.4259545,315.4778628,286.0095662,247.7573727,202.4521746,151.8399463,97.69132173,48.97810031,48.64198731,48.03242292,47.12121236,45.86417066,44.19640125,42.02497493,39.21796999,35.5889475,30.87843415,24.74807627,16.87332928,8.121240794,0.965180604,0.001651605
87,0.466019653,29.20518239,82.97180801,128.1948109,151.1305941,154.6097243,143.1408332,120.7662451,90.82851248,56.0861405,45.26592195,46.36926804,47.13775547,47.60613639,47.79487697,47.71206962,47.3541749,46.70569805,45.73775438,44.40532142,42.64280097,40.35733807,37.41930892,33.65012544,28.81158457,22.61909887,14.87978658,6.688877029,0.651528751,0.000671586
88,0.181069756,19.84984764,65.63999674,109.2125995,134.2500834,141.1904756,133.4616798,114.6524568,87.92823729,55.99225374,42.29818221,43.46764146,44.28436316,44.7830098,44.98413052,44.89587858,44.51468596,43.82496865,42.79783032,41.38862727,39.53317069,37.14234277,34.09525433,30.23268515,25.35864303,19.28024245,11.99886492,4.851732062,0.347130609,0.000163049
89,0.699047125,36.61327564,109.5141878,186.5871131,248.7866672,294.1299928,323.3925691,337.8867013,338.9841078,328.0446416,306.4333922,275.5485103,236.842198,191.8328046,142.1097529,89.33375204,49.7244323,49.09497339,48.15417599,46.85662435,45.13567158,42.89599958,40.00253588,36.26489783,31.4192808,25.12464034,17.06313017,8.151428709,0.947902352,0.001534511
90,0.018415163,0.801816926,57.48663158,116.8396902,4.681651203,5.515679977,6.155465254,6.648786843,7.030153626,7.32392345,7.547215778,7.712009183,7.826549652,7.896265698,7.924338726,7.912023479,7.858771383,7.762176838,7.617737753,7.418391082,7.153746265,6.808890078,6.362581373,5.784651398,5.032771889,4.050869519,2.782387922,1.358213373,0.168192016,0.000319581
91,0.064275886,3.887395997,11.70883177,19.85385706,26.46744841,31.63093209,35.63888265,38.75440631,41.17681176,43.05066304,44.47936336,76.3914423,120.0263387,161.4202815,199.1497711,231.9467063,258.697484,278.4456059,290.3963585,293.9230159,288.5751274,274.0914101,250.4239953,217.7912205,176.8045925,128.8005606,76.78411915,30.48288492,2.597139682,0.002610822
92,0.012313652,2.133483074,8.527061414,16.55648587,23.76136483,29.72549446,34.53298602,38.36800255,41.40535237,43.78669817,45.62035072,46.98644151,47.94227669,63.95130695,113.1494668,160.7054487,204.7982684,243.6472491,275.5175284,298.7235543,311.6310016,312.6609053,300.3090461,273.2196786,230.428918,172.1255654,101.993646,37.33114103,2.064837101,0.000538212
93,1.292E-05,0.001015359,0.003281309,0.005754668,0.007813752,0.009444983,0.010723122,0.011723088,0.012504168,0.013110398,0.01357375,0.013917093,0.014156414,0.014302348,0.01436117,0.014335362,0.014223838,0.014021846,0.013720539,0.013306161,0.012758743,0.012050165,0.011141476,0.009979644,0.008495377,0.006609579,0.004280714,0.001867799,0.000166806,1.37829E-07
94,0.204517452,16.97261426,60.57733138,115.5300512,167.3483809,211.6780364,246.8744692,272.3258701,287.9013498,293.756359,290.2590792,277.9602173,257.5787731,229.993602,196.2370673,157.4897817,115.0767637,70.46620996,42.87028284,41.61039006,39.94434528,37.78490276,35.01049129,31.45408676,26.89397819,21.06803634,13.80766113,6.162735357,0.587916202,0.000574721
95,0.040025346,1.685447322,32.19718036,86.17999512,129.4856362,169.4530041,145.0387838,13.71650886,251.2867259,263.1406729,266.8090856,262.3836434,250.1637289,230.6422173,39.84427059,16.2974428,16.18872094,85.76168514,42.07619044,15.28936639,14.74867692,14.04384249,13.13118203,11.94851828,10.4083007,8.393747704,5.784563133,2.841712428,0.358471277,0.000714011
96,0.052456316,3.623717877,11.31175231,19.51166537,43.69959853,75.8909047,110.1845875,143.9676251,175.2997894,202.7271245,225.1641898,241.8229646,252.1703757,255.9030164,252.9323022,243.3762771,227.5562052,205.9974653,179.4354767,148.8286914,115.3823988,80.58946143,46.29723698,33.29083348,28.47465878,22.31878455,14.64155332,6.547017065,0.627948546,0.000622334
97,0.216185334,9.669398071,19.24368959,20.20021505,26.91532899,32.15593027,36.22266803,39.38331796,41.84049392,43.74106359,45.19003525,46.2617495,47.00780162,47.46234884,47.64548109,47.56513671,47.217844,46.58839808,45.64842517,44.35362337,42.63927947,40.41345299,45.00409635,68.10862375,82.74179473,84.57343017,68.86856161,37.24274079,4.414745038,0.005771446
98,0.61640581,36.84989506,106.2288934,169.0824172,207.5197225,223.4640036,221.1496587,204.5645808,177.1021992,141.6422144,100.6769792,56.41003396,45.31840641,45.75998705,45.93790436,45.85984725,45.52245301,44.9109959,43.99800424,42.74060497,41.07621626,38.91601649,36.13552889,32.56223194,27.96367461,22.05607375,14.62701155,6.67737518,0.680272407,0.000786178
99,0.092467461,15.05013866,55.38181909,97.04000541,122.7755494,131.5495216,126.0332047,109.4647745,84.85424307,54.84133674,40.3689806,41.57887015,42.4254314,42.94293385,43.15179507,43.06013705,42.66440399,41.94909198,40.88556802,39.42988957,37.51951134,35.06888811,31.96458713,28.06267832,23.1983856,17.24216459,10.31735026,3.87052987,0.222610173,5.99517E-05
100,0.02480024,2.604616481,9.099512433,16.56536532,22.95442306,28.09821821,32.17074119,35.37972932,37.89906415,39.86168571,41.3658372,42.48262189,43.2621424,43.73791156,43.92977017,43.84558491,43.48191355,42.82371449,53.51527368,91.96511941,126.5810388,155.0563628,174.7566954,182.647265,175.2768278,149.092765,102.1757257,45.14723269,3.617130173,0.002041077
101,0.775078565,42.5058331,124.6152122,205.9386873,265.281918,302.3430507,319.7245199,320.251753,306.5001966,280.7911639,245.2654025,201.9492261,152.7996606,99.73110575,47.08700229,47.00974139,46.67573656,46.07020468,45.16553122,43.91852805,42.26595276,40.11763419,37.34636063,33.77402805,29.15656502,23.18537246,15.59461011,7.313645979,0.805965831,0.00113774
102,0.390296783,18.8488645,46.02976179,60.83986372,58.88376022,44.69355798,36.30067064,39.41835095,41.83949688,43.71072035,45.13649202,46.19060181,46.92418098,47.37104253,47.55106002,47.47208344,47.13067994,46.51181108,45.58739786,44.31355782,42.62610152,40.43365041,37.60758125,33.96843098,29.2716679,40.22534522,39.32406839,24.1113447,3.210243794,0.004792263
103,5.87234E-05,0.002545582,0.007010798,0.011388886,0.014832401,0.017471408,0.019495473,0.021056007,0.022262298,0.023191461,0.023897681,0.024418868,0.024781114,0.025001594,0.025090376,0.025051429,0.024883017,0.024577529,0.02412072,0.023490242,0.022653214,0.021562435,0.020150665,0.018322375,0.015943468,0.01283614,0.008820543,0.004309344,0.00053495,1.02283E-06
104,0.000385831,0.465324149,3.132938582,7.808875903,22.45040091,43.29203592,67.56622066,92.90779298,117.3504897,139.3325522,157.6538535,171.4317416,180.066359,183.2158568,180.7795961,172.8874498,159.8939126,142.3763873,121.137564,97.21212459,71.87776087,46.66878348,23.38488964,19.11148273,14.70965523,9.78098313,4.826967702,1.253446446,0.024689607,4.33703E-07
105,0.008384094,1.697005008,7.07200152,14.00886607,20.32538511,25.59941349,29.8743721,33.29763,36.01625981,38.15195866,39.79886138,41.02712477,41.88716663,42.41315795,42.62549795,42.53230957,42.13003601,41.40317952,40.32316388,54.51715823,85.19218124,110.8750116,129.077307,136.9851838,131.5481562,109.9996375,71.89376725,28.49784152,1.611753962,0.000364153
106,0.243353033,22.26024997,70.04714583,113.7294512,137.8668756,143.6661633,134.8935864,115.2672928,87.98884472,55.75580701,43.87689399,45.04365344,45.85778599,46.35457285,46.5548843,46.46699164,46.08727583,45.39991819,44.37553553,42.96859913,41.11335912,38.71793943,35.65650124,31.76073741,26.81754281,20.60123973,13.05233044,5.461017369,0.431580495,0.000261171
107,0.000174431,0.010469008,0.031467762,0.053305107,0.071023613,0.084851223,0.095581406,0.10392079,0.110404019,0.115418629,0.119241696,0.122069375,0.124037803,0.125237106,0.125720293,0.125508308,0.124591991,0.122931224,0.120451142,0.11703485,0.112511599,0.106638793,0.099075943,0.08935006,0.076821383,0.060702518,0.040383354,0.018546626,0.001922875,2.32367E-06
108,0.003831417,1.234523149,5.829453635,12.25967574,18.37664326,23.61724719,27.93637132,31.43471042,34.23567995,36.44916309,38.1635061,39.44613119,40.34624714,40.8975474,41.12027457,41.02251564,40.60072772,68.902113,106.520171,139.9163185,166.9937858,185.5193648,193.1327213,187.4170305,166.1688123,128.2746121,76.36953873,26.54606435,1.11470345,0.000127234
109,0.064946359,12.90237193,55.82523119,114.2278274,169.127025,214.2217161,247.5273289,268.7129011,278.1418978,276.5225644,264.7756189,243.9815429,215.3572724,180.243405,140.0948745,96.47277871,51.03709258,42.03687653,40.9624891,39.49231468,37.56359135,35.09062185,31.9600653,28.02873111,23.1341359,17.15257041,10.22055293,3.803474352,0.213683903,5.42107E-05
110,1.111233354,47.02841756,123.5189396,187.9959009,225.1424721,238.7516327,233.837962,214.7031312,184.8599961,147.2251296,104.2923072,58.25159166,47.24440191,47.66608374,47.8358873,47.76139669,47.43929612,46.85504563,45.98143544,44.77578255,43.17530558,41.08991752,38.39134904,34.89751087,30.35313053,24.42057363,16.76095729,8.170071379,1.007506272,0.00189408
111,0.000233846,0.009741718,0.026544462,0.042900715,0.055716558,0.065516456,0.073022048,0.078803118,0.083268764,0.086706743,0.089318842,0.091246032,0.09258525,0.093400265,0.093728428,0.093584469,0.092961949,0.091832626,0.090143627,0.087811948,0.084715366,0.080678216,0.075449809,0.068673052,0.059844552,0.048291376,0.033315749,0.016400141,0.00208118,4.20875E-06
112,0.097059099,13.98797963,48.85469422,82.02847424,99.37130433,101.1346583,90.46023669,70.70863804,44.8575305,39.63151903,41.2601197,42.47266189,43.32067578,43.83890604,44.04802701,43.9562574,43.55999943,42.84355934,41.77792377,40.31849033,38.40160944,35.93988815,32.81675478,28.88283016,23.96368098,17.91259164,10.82458016,4.137876672,0.311635579,0.000141545
113,0.097469853,4.620998344,13.03673346,21.42340241,28.07658605,33.2009294,37.1438649,40.19053636,42.54931286,44.36827477,45.75195961,46.7737357,47.48421701,47.91677266,48.09097711,85.39274843,140.0969001,191.5168191,237.7600871,276.900032,306.9536181,325.8414728,331.324288,320.9162567,291.8115737,241.0206424,166.6398055,80.02516815,9.309162453,0.015378878
